<TextureAtlas imagePath="PAGE3.png"><SubTexture name="PAGE313" x="0" y="0" width="823" height="9" frameX="0" frameY="0" frameWidth="823" frameHeight="9"/><SubTexture name="PAGE320" x="0" y="10" width="823" height="63" frameX="0" frameY="0" frameWidth="823" frameHeight="63"/><SubTexture name="PAGE341" x="0" y="74" width="67" height="6" frameX="0" frameY="0" frameWidth="67" frameHeight="6"/><SubTexture name="PAGE3175" x="0" y="81" width="66" height="6" frameX="0" frameY="0" frameWidth="66" frameHeight="6"/><SubTexture name="PAGE3147" x="0" y="88" width="66" height="6" frameX="0" frameY="0" frameWidth="66" frameHeight="6"/><SubTexture name="PAGE3121" x="0" y="95" width="66" height="7" frameX="0" frameY="0" frameWidth="66" frameHeight="7"/><SubTexture name="PAGE395" x="0" y="103" width="66" height="6" frameX="0" frameY="0" frameWidth="66" frameHeight="6"/><SubTexture name="PAGE342" x="0" y="110" width="65" height="7" frameX="0" frameY="0" frameWidth="65" frameHeight="7"/><SubTexture name="PAGE388" x="0" y="118" width="65" height="7" frameX="0" frameY="0" frameWidth="65" frameHeight="7"/><SubTexture name="PAGE3177" x="0" y="126" width="65" height="7" frameX="0" frameY="0" frameWidth="65" frameHeight="7"/><SubTexture name="PAGE3153" x="0" y="134" width="64" height="7" frameX="0" frameY="0" frameWidth="64" frameHeight="7"/><SubTexture name="PAGE362" x="0" y="142" width="61" height="32" frameX="0" frameY="0" frameWidth="61" frameHeight="32"/><SubTexture name="PAGE3112" x="0" y="175" width="59" height="36" frameX="0" frameY="0" frameWidth="59" frameHeight="36"/><SubTexture name="PAGE357" x="60" y="175" width="59" height="25" frameX="0" frameY="0" frameWidth="59" frameHeight="25"/><SubTexture name="PAGE3119" x="62" y="142" width="56" height="32" frameX="0" frameY="0" frameWidth="56" frameHeight="32"/><SubTexture name="PAGE3108" x="66" y="110" width="56" height="30" frameX="0" frameY="0" frameWidth="56" frameHeight="30"/><SubTexture name="PAGE392" x="68" y="74" width="55" height="31" frameX="0" frameY="0" frameWidth="55" frameHeight="31"/><SubTexture name="PAGE379" x="119" y="141" width="54" height="27" frameX="0" frameY="0" frameWidth="54" frameHeight="27"/><SubTexture name="PAGE385" x="120" y="169" width="54" height="37" frameX="0" frameY="0" frameWidth="54" frameHeight="37"/><SubTexture name="PAGE332" x="123" y="106" width="53" height="29" frameX="0" frameY="0" frameWidth="53" frameHeight="29"/><SubTexture name="PAGE328" x="175" y="136" width="52" height="53" frameX="0" frameY="0" frameWidth="52" frameHeight="53"/><SubTexture name="PAGE324" x="177" y="74" width="52" height="53" frameX="0" frameY="0" frameWidth="52" frameHeight="53"/><SubTexture name="PAGE327" x="228" y="128" width="52" height="53" frameX="0" frameY="0" frameWidth="52" frameHeight="53"/><SubTexture name="PAGE325" x="281" y="74" width="52" height="54" frameX="0" frameY="0" frameWidth="52" frameHeight="54"/><SubTexture name="PAGE326" x="281" y="129" width="52" height="54" frameX="0" frameY="0" frameWidth="52" frameHeight="54"/><SubTexture name="PAGE333" x="124" y="74" width="49" height="27" frameX="0" frameY="0" frameWidth="49" frameHeight="27"/><SubTexture name="PAGE334" x="175" y="190" width="49" height="27" frameX="0" frameY="0" frameWidth="49" frameHeight="27"/><SubTexture name="PAGE345" x="225" y="190" width="48" height="26" frameX="0" frameY="0" frameWidth="48" frameHeight="26"/><SubTexture name="PAGE3152" x="230" y="74" width="46" height="24" frameX="0" frameY="0" frameWidth="46" frameHeight="24"/><SubTexture name="PAGE3109" x="230" y="99" width="45" height="24" frameX="0" frameY="0" frameWidth="45" frameHeight="24"/><SubTexture name="PAGE384" x="274" y="184" width="45" height="25" frameX="0" frameY="0" frameWidth="45" frameHeight="25"/><SubTexture name="PAGE3131" x="320" y="184" width="45" height="31" frameX="0" frameY="0" frameWidth="45" frameHeight="31"/><SubTexture name="PAGE375" x="334" y="74" width="45" height="31" frameX="0" frameY="0" frameWidth="45" frameHeight="31"/><SubTexture name="PAGE389" x="334" y="106" width="43" height="33" frameX="0" frameY="0" frameWidth="43" frameHeight="33"/><SubTexture name="PAGE3100" x="334" y="140" width="43" height="27" frameX="0" frameY="0" frameWidth="43" frameHeight="27"/><SubTexture name="PAGE355" x="366" y="168" width="42" height="27" frameX="0" frameY="0" frameWidth="42" frameHeight="27"/><SubTexture name="PAGE365" x="378" y="106" width="42" height="26" frameX="0" frameY="0" frameWidth="42" frameHeight="26"/><SubTexture name="PAGE331" x="378" y="133" width="42" height="31" frameX="0" frameY="0" frameWidth="42" frameHeight="31"/><SubTexture name="PAGE339" x="380" y="74" width="41" height="25" frameX="0" frameY="0" frameWidth="41" frameHeight="25"/><SubTexture name="PAGE397" x="409" y="165" width="41" height="29" frameX="0" frameY="0" frameWidth="41" frameHeight="29"/><SubTexture name="PAGE378" x="421" y="100" width="41" height="27" frameX="0" frameY="0" frameWidth="41" frameHeight="27"/><SubTexture name="PAGE3106" x="421" y="128" width="41" height="26" frameX="0" frameY="0" frameWidth="41" frameHeight="26"/><SubTexture name="PAGE3101" x="451" y="155" width="40" height="31" frameX="0" frameY="0" frameWidth="40" frameHeight="31"/><SubTexture name="PAGE3145" x="451" y="187" width="40" height="31" frameX="0" frameY="0" frameWidth="40" frameHeight="31"/><SubTexture name="PAGE374" x="463" y="74" width="40" height="31" frameX="0" frameY="0" frameWidth="40" frameHeight="31"/><SubTexture name="PAGE3159" x="463" y="106" width="39" height="31" frameX="0" frameY="0" frameWidth="39" frameHeight="31"/><SubTexture name="PAGE3118" x="422" y="74" width="38" height="25" frameX="0" frameY="0" frameWidth="38" frameHeight="25"/><SubTexture name="PAGE367" x="366" y="196" width="37" height="24" frameX="0" frameY="0" frameWidth="37" frameHeight="24"/><SubTexture name="PAGE3164" x="492" y="138" width="36" height="27" frameX="0" frameY="0" frameWidth="36" frameHeight="27"/><SubTexture name="PAGE3120" x="404" y="196" width="36" height="24" frameX="0" frameY="0" frameWidth="36" frameHeight="24"/><SubTexture name="PAGE3187" x="492" y="166" width="34" height="34" frameX="0" frameY="0" frameWidth="34" frameHeight="34"/><SubTexture name="PAGE3179" x="504" y="74" width="34" height="36" frameX="0" frameY="0" frameWidth="34" frameHeight="36"/><SubTexture name="PAGE353" x="527" y="166" width="34" height="36" frameX="0" frameY="0" frameWidth="34" frameHeight="36"/><SubTexture name="PAGE3151" x="529" y="111" width="33" height="34" frameX="0" frameY="0" frameWidth="33" frameHeight="34"/><SubTexture name="PAGE3148" x="539" y="74" width="33" height="34" frameX="0" frameY="0" frameWidth="33" frameHeight="34"/><SubTexture name="PAGE396" x="562" y="146" width="33" height="34" frameX="0" frameY="0" frameWidth="33" frameHeight="34"/><SubTexture name="PAGE3181" x="562" y="181" width="30" height="28" frameX="0" frameY="0" frameWidth="30" frameHeight="28"/><SubTexture name="PAGE3122" x="563" y="109" width="30" height="26" frameX="0" frameY="0" frameWidth="30" frameHeight="26"/><SubTexture name="PAGE3123" x="573" y="74" width="30" height="26" frameX="0" frameY="0" frameWidth="30" frameHeight="26"/><SubTexture name="PAGE3117" x="593" y="181" width="30" height="26" frameX="0" frameY="0" frameWidth="30" frameHeight="26"/><SubTexture name="PAGE3113" x="594" y="101" width="30" height="29" frameX="0" frameY="0" frameWidth="30" frameHeight="29"/><SubTexture name="PAGE3135" x="596" y="131" width="29" height="26" frameX="0" frameY="0" frameWidth="29" frameHeight="26"/><SubTexture name="PAGE368" x="604" y="74" width="29" height="25" frameX="0" frameY="0" frameWidth="29" frameHeight="25"/><SubTexture name="PAGE3167" x="624" y="158" width="29" height="25" frameX="0" frameY="0" frameWidth="29" frameHeight="25"/><SubTexture name="PAGE3128" x="624" y="184" width="29" height="26" frameX="0" frameY="0" frameWidth="29" frameHeight="26"/><SubTexture name="PAGE3127" x="625" y="100" width="29" height="26" frameX="0" frameY="0" frameWidth="29" frameHeight="26"/><SubTexture name="PAGE335" x="626" y="127" width="29" height="26" frameX="0" frameY="0" frameWidth="29" frameHeight="26"/><SubTexture name="PAGE336" x="654" y="154" width="29" height="26" frameX="0" frameY="0" frameWidth="29" frameHeight="26"/><SubTexture name="PAGE3160" x="654" y="181" width="29" height="26" frameX="0" frameY="0" frameWidth="29" frameHeight="26"/><SubTexture name="PAGE3161" x="655" y="74" width="29" height="26" frameX="0" frameY="0" frameWidth="29" frameHeight="26"/><SubTexture name="PAGE3157" x="656" y="101" width="29" height="26" frameX="0" frameY="0" frameWidth="29" frameHeight="26"/><SubTexture name="PAGE371" x="684" y="128" width="29" height="29" frameX="0" frameY="0" frameWidth="29" frameHeight="29"/><SubTexture name="PAGE349" x="684" y="158" width="29" height="26" frameX="0" frameY="0" frameWidth="29" frameHeight="26"/><SubTexture name="PAGE350" x="684" y="185" width="29" height="25" frameX="0" frameY="0" frameWidth="29" frameHeight="25"/><SubTexture name="PAGE363" x="685" y="74" width="29" height="26" frameX="0" frameY="0" frameWidth="29" frameHeight="26"/><SubTexture name="PAGE3168" x="686" y="101" width="29" height="26" frameX="0" frameY="0" frameWidth="29" frameHeight="26"/><SubTexture name="PAGE354" x="714" y="128" width="29" height="26" frameX="0" frameY="0" frameWidth="29" frameHeight="26"/><SubTexture name="PAGE3132" x="714" y="155" width="28" height="24" frameX="0" frameY="0" frameWidth="28" frameHeight="24"/><SubTexture name="PAGE3110" x="714" y="180" width="28" height="26" frameX="0" frameY="0" frameWidth="28" frameHeight="26"/><SubTexture name="PAGE3129" x="715" y="74" width="28" height="25" frameX="0" frameY="0" frameWidth="28" frameHeight="25"/><SubTexture name="PAGE3192" x="716" y="100" width="28" height="27" frameX="0" frameY="0" frameWidth="28" frameHeight="27"/><SubTexture name="PAGE3111" x="743" y="155" width="28" height="26" frameX="0" frameY="0" frameWidth="28" frameHeight="26"/><SubTexture name="PAGE373" x="743" y="182" width="28" height="26" frameX="0" frameY="0" frameWidth="28" frameHeight="26"/><SubTexture name="PAGE390" x="744" y="128" width="28" height="26" frameX="0" frameY="0" frameWidth="28" frameHeight="26"/><SubTexture name="PAGE3137" x="744" y="74" width="28" height="25" frameX="0" frameY="0" frameWidth="28" frameHeight="25"/><SubTexture name="PAGE370" x="772" y="155" width="28" height="29" frameX="0" frameY="0" frameWidth="28" frameHeight="29"/><SubTexture name="PAGE391" x="745" y="100" width="28" height="26" frameX="0" frameY="0" frameWidth="28" frameHeight="26"/><SubTexture name="PAGE372" x="772" y="185" width="28" height="26" frameX="0" frameY="0" frameWidth="28" frameHeight="26"/><SubTexture name="PAGE386" x="773" y="127" width="28" height="24" frameX="0" frameY="0" frameWidth="28" frameHeight="24"/><SubTexture name="PAGE394" x="773" y="74" width="28" height="25" frameX="0" frameY="0" frameWidth="28" frameHeight="25"/><SubTexture name="PAGE3171" x="656" y="128" width="27" height="24" frameX="0" frameY="0" frameWidth="27" frameHeight="24"/><SubTexture name="PAGE3172" x="503" y="111" width="25" height="25" frameX="0" frameY="0" frameWidth="25" frameHeight="25"/><SubTexture name="PAGE3184" x="774" y="100" width="25" height="25" frameX="0" frameY="0" frameWidth="25" frameHeight="25"/><SubTexture name="PAGE314" x="802" y="74" width="22" height="72" frameX="0" frameY="0" frameWidth="22" frameHeight="72"/><SubTexture name="PAGE344" x="801" y="152" width="22" height="31" frameX="0" frameY="0" frameWidth="22" frameHeight="31"/><SubTexture name="PAGE3114" x="801" y="184" width="22" height="31" frameX="0" frameY="0" frameWidth="22" frameHeight="31"/><SubTexture name="PAGE3162" x="824" y="147" width="21" height="31" frameX="0" frameY="0" frameWidth="21" frameHeight="31"/><SubTexture name="PAGE3134" x="824" y="179" width="20" height="27" frameX="0" frameY="0" frameWidth="20" frameHeight="27"/><SubTexture name="PAGE330" x="634" y="74" width="19" height="25" frameX="0" frameY="0" frameWidth="19" frameHeight="25"/><SubTexture name="PAGE34" x="654" y="208" width="18" height="12" frameX="0" frameY="0" frameWidth="18" frameHeight="12"/><SubTexture name="PAGE37" x="0" y="212" width="18" height="4" frameX="0" frameY="0" frameWidth="18" frameHeight="4"/><SubTexture name="PAGE310" x="492" y="211" width="18" height="9" frameX="0" frameY="0" frameWidth="18" frameHeight="9"/><SubTexture name="PAGE337" x="824" y="0" width="18" height="24" frameX="0" frameY="0" frameWidth="18" frameHeight="24"/><SubTexture name="PAGE33" x="824" y="25" width="18" height="23" frameX="0" frameY="0" frameWidth="18" frameHeight="23"/><SubTexture name="PAGE3107" x="825" y="49" width="17" height="26" frameX="0" frameY="0" frameWidth="17" frameHeight="26"/><SubTexture name="PAGE317" x="825" y="76" width="17" height="23" frameX="0" frameY="0" frameWidth="17" frameHeight="23"/><SubTexture name="PAGE3189" x="60" y="207" width="17" height="13" frameX="0" frameY="0" frameWidth="17" frameHeight="13"/><SubTexture name="PAGE321" x="78" y="201" width="17" height="13" frameX="0" frameY="0" frameWidth="17" frameHeight="13"/><SubTexture name="PAGE31" x="825" y="100" width="17" height="24" frameX="0" frameY="0" frameWidth="17" frameHeight="24"/><SubTexture name="PAGE383" x="96" y="201" width="17" height="13" frameX="0" frameY="0" frameWidth="17" frameHeight="13"/><SubTexture name="PAGE382" x="114" y="207" width="17" height="13" frameX="0" frameY="0" frameWidth="17" frameHeight="13"/><SubTexture name="PAGE323" x="132" y="207" width="17" height="13" frameX="0" frameY="0" frameWidth="17" frameHeight="13"/><SubTexture name="PAGE316" x="825" y="125" width="17" height="21" frameX="0" frameY="0" frameWidth="17" frameHeight="21"/><SubTexture name="PAGE35" x="150" y="207" width="17" height="12" frameX="0" frameY="0" frameWidth="17" frameHeight="12"/><SubTexture name="PAGE315" x="843" y="0" width="17" height="38" frameX="0" frameY="0" frameWidth="17" frameHeight="38"/><SubTexture name="PAGE3188" x="334" y="168" width="17" height="13" frameX="0" frameY="0" frameWidth="17" frameHeight="13"/><SubTexture name="PAGE3140" x="463" y="138" width="17" height="13" frameX="0" frameY="0" frameWidth="17" frameHeight="13"/><SubTexture name="PAGE3154" x="843" y="39" width="16" height="26" frameX="0" frameY="0" frameWidth="16" frameHeight="26"/><SubTexture name="PAGE3103" x="843" y="66" width="16" height="25" frameX="0" frameY="0" frameWidth="16" frameHeight="25"/><SubTexture name="PAGE3165" x="529" y="146" width="16" height="19" frameX="0" frameY="0" frameWidth="16" frameHeight="19"/><SubTexture name="PAGE3156" x="596" y="158" width="16" height="18" frameX="0" frameY="0" frameWidth="16" frameHeight="18"/><SubTexture name="PAGE3102" x="843" y="92" width="16" height="26" frameX="0" frameY="0" frameWidth="16" frameHeight="26"/><SubTexture name="PAGE3166" x="843" y="119" width="16" height="19" frameX="0" frameY="0" frameWidth="16" frameHeight="19"/><SubTexture name="PAGE369" x="845" y="179" width="16" height="19" frameX="0" frameY="0" frameWidth="16" frameHeight="19"/><SubTexture name="PAGE3158" x="846" y="139" width="16" height="26" frameX="0" frameY="0" frameWidth="16" frameHeight="26"/><SubTexture name="PAGE3190" x="860" y="39" width="16" height="26" frameX="0" frameY="0" frameWidth="16" frameHeight="26"/><SubTexture name="PAGE366" x="860" y="66" width="16" height="26" frameX="0" frameY="0" frameWidth="16" frameHeight="26"/><SubTexture name="PAGE3130" x="845" y="199" width="16" height="19" frameX="0" frameY="0" frameWidth="16" frameHeight="19"/><SubTexture name="PAGE3186" x="860" y="93" width="16" height="26" frameX="0" frameY="0" frameWidth="16" frameHeight="26"/><SubTexture name="PAGE3105" x="861" y="0" width="16" height="27" frameX="0" frameY="0" frameWidth="16" frameHeight="27"/><SubTexture name="PAGE3170" x="862" y="166" width="16" height="26" frameX="0" frameY="0" frameWidth="16" frameHeight="26"/><SubTexture name="PAGE393" x="862" y="193" width="16" height="19" frameX="0" frameY="0" frameWidth="16" frameHeight="19"/><SubTexture name="PAGE398" x="863" y="120" width="16" height="24" frameX="0" frameY="0" frameWidth="16" frameHeight="24"/><SubTexture name="PAGE359" x="877" y="28" width="16" height="25" frameX="0" frameY="0" frameWidth="16" frameHeight="25"/><SubTexture name="PAGE358" x="877" y="54" width="16" height="25" frameX="0" frameY="0" frameWidth="16" frameHeight="25"/><SubTexture name="PAGE3116" x="863" y="145" width="16" height="19" frameX="0" frameY="0" frameWidth="16" frameHeight="19"/><SubTexture name="PAGE30" x="511" y="203" width="16" height="16" frameX="0" frameY="0" frameWidth="16" frameHeight="16"/><SubTexture name="PAGE3155" x="877" y="80" width="16" height="26" frameX="0" frameY="0" frameWidth="16" frameHeight="26"/><SubTexture name="PAGE387" x="878" y="0" width="16" height="18" frameX="0" frameY="0" frameWidth="16" frameHeight="18"/><SubTexture name="PAGE3173" x="879" y="165" width="16" height="19" frameX="0" frameY="0" frameWidth="16" frameHeight="19"/><SubTexture name="PAGE352" x="879" y="185" width="16" height="19" frameX="0" frameY="0" frameWidth="16" frameHeight="19"/><SubTexture name="PAGE351" x="880" y="107" width="16" height="19" frameX="0" frameY="0" frameWidth="16" frameHeight="19"/><SubTexture name="PAGE3141" x="714" y="207" width="16" height="13" frameX="0" frameY="0" frameWidth="16" frameHeight="13"/><SubTexture name="PAGE3146" x="880" y="127" width="16" height="19" frameX="0" frameY="0" frameWidth="16" frameHeight="19"/><SubTexture name="PAGE348" x="894" y="19" width="16" height="25" frameX="0" frameY="0" frameWidth="16" frameHeight="25"/><SubTexture name="PAGE347" x="894" y="45" width="16" height="26" frameX="0" frameY="0" frameWidth="16" frameHeight="26"/><SubTexture name="PAGE346" x="894" y="72" width="16" height="24" frameX="0" frameY="0" frameWidth="16" frameHeight="24"/><SubTexture name="PAGE3174" x="896" y="147" width="16" height="19" frameX="0" frameY="0" frameWidth="16" frameHeight="19"/><SubTexture name="PAGE3124" x="895" y="0" width="16" height="18" frameX="0" frameY="0" frameWidth="16" frameHeight="18"/><SubTexture name="PAGE343" x="896" y="167" width="16" height="18" frameX="0" frameY="0" frameWidth="16" frameHeight="18"/><SubTexture name="PAGE3176" x="896" y="186" width="16" height="18" frameX="0" frameY="0" frameWidth="16" frameHeight="18"/><SubTexture name="PAGE3115" x="897" y="97" width="16" height="19" frameX="0" frameY="0" frameWidth="16" frameHeight="19"/><SubTexture name="PAGE340" x="897" y="117" width="16" height="19" frameX="0" frameY="0" frameWidth="16" frameHeight="19"/><SubTexture name="PAGE3185" x="911" y="19" width="16" height="26" frameX="0" frameY="0" frameWidth="16" frameHeight="26"/><SubTexture name="PAGE3182" x="911" y="46" width="16" height="25" frameX="0" frameY="0" frameWidth="16" frameHeight="25"/><SubTexture name="PAGE3136" x="913" y="137" width="16" height="26" frameX="0" frameY="0" frameWidth="16" frameHeight="26"/><SubTexture name="PAGE3183" x="913" y="164" width="16" height="26" frameX="0" frameY="0" frameWidth="16" frameHeight="26"/><SubTexture name="PAGE399" x="913" y="191" width="15" height="26" frameX="0" frameY="0" frameWidth="15" frameHeight="26"/><SubTexture name="PAGE318" x="914" y="72" width="15" height="31" frameX="0" frameY="0" frameWidth="15" frameHeight="31"/><SubTexture name="PAGE3150" x="914" y="104" width="15" height="26" frameX="0" frameY="0" frameWidth="15" frameHeight="26"/><SubTexture name="PAGE3149" x="928" y="0" width="15" height="24" frameX="0" frameY="0" frameWidth="15" frameHeight="24"/><SubTexture name="PAGE322" x="912" y="0" width="15" height="16" frameX="0" frameY="0" frameWidth="15" frameHeight="16"/><SubTexture name="PAGE3163" x="928" y="25" width="15" height="26" frameX="0" frameY="0" frameWidth="15" frameHeight="26"/><SubTexture name="PAGE329" x="880" y="147" width="15" height="16" frameX="0" frameY="0" frameWidth="15" frameHeight="16"/><SubTexture name="PAGE319" x="929" y="191" width="15" height="21" frameX="0" frameY="0" frameWidth="15" frameHeight="21"/><SubTexture name="PAGE3191" x="930" y="52" width="15" height="24" frameX="0" frameY="0" frameWidth="15" frameHeight="24"/><SubTexture name="PAGE32" x="930" y="77" width="15" height="24" frameX="0" frameY="0" frameWidth="15" frameHeight="24"/><SubTexture name="PAGE311" x="897" y="137" width="14" height="9" frameX="0" frameY="0" frameWidth="14" frameHeight="9"/><SubTexture name="PAGE3142" x="930" y="102" width="14" height="25" frameX="0" frameY="0" frameWidth="14" frameHeight="25"/><SubTexture name="PAGE36" x="846" y="166" width="13" height="12" frameX="0" frameY="0" frameWidth="13" frameHeight="12"/><SubTexture name="PAGE3133" x="930" y="128" width="11" height="25" frameX="0" frameY="0" frameWidth="11" frameHeight="25"/><SubTexture name="PAGE3169" x="930" y="154" width="10" height="25" frameX="0" frameY="0" frameWidth="10" frameHeight="25"/><SubTexture name="PAGE364" x="941" y="154" width="10" height="25" frameX="0" frameY="0" frameWidth="10" frameHeight="25"/><SubTexture name="PAGE3180" x="942" y="128" width="10" height="25" frameX="0" frameY="0" frameWidth="10" frameHeight="25"/><SubTexture name="PAGE3104" x="944" y="0" width="10" height="24" frameX="0" frameY="0" frameWidth="10" frameHeight="24"/><SubTexture name="PAGE377" x="930" y="180" width="8" height="10" frameX="0" frameY="0" frameWidth="8" frameHeight="10"/><SubTexture name="PAGE3138" x="492" y="201" width="8" height="9" frameX="0" frameY="0" frameWidth="8" frameHeight="9"/><SubTexture name="PAGE360" x="19" y="212" width="8" height="8" frameX="0" frameY="0" frameWidth="8" frameHeight="8"/><SubTexture name="PAGE361" x="274" y="210" width="8" height="9" frameX="0" frameY="0" frameWidth="8" frameHeight="9"/><SubTexture name="PAGE3125" x="28" y="212" width="8" height="8" frameX="0" frameY="0" frameWidth="8" frameHeight="8"/><SubTexture name="PAGE3126" x="283" y="210" width="8" height="9" frameX="0" frameY="0" frameWidth="8" frameHeight="9"/><SubTexture name="PAGE3139" x="292" y="210" width="8" height="9" frameX="0" frameY="0" frameWidth="8" frameHeight="9"/><SubTexture name="PAGE376" x="37" y="212" width="8" height="8" frameX="0" frameY="0" frameWidth="8" frameHeight="8"/><SubTexture name="PAGE3178" x="46" y="212" width="7" height="7" frameX="0" frameY="0" frameWidth="7" frameHeight="7"/><SubTexture name="PAGE380" x="301" y="210" width="7" height="8" frameX="0" frameY="0" frameWidth="7" frameHeight="8"/><SubTexture name="PAGE381" x="731" y="209" width="7" height="11" frameX="0" frameY="0" frameWidth="7" frameHeight="11"/><SubTexture name="PAGE3144" x="739" y="209" width="7" height="11" frameX="0" frameY="0" frameWidth="7" frameHeight="11"/><SubTexture name="PAGE3143" x="309" y="210" width="7" height="8" frameX="0" frameY="0" frameWidth="7" frameHeight="8"/><SubTexture name="PAGE356" x="168" y="207" width="6" height="6" frameX="0" frameY="0" frameWidth="6" frameHeight="6"/><SubTexture name="PAGE39" x="168" y="214" width="6" height="4" frameX="0" frameY="0" frameWidth="6" frameHeight="4"/><SubTexture name="PAGE312" x="78" y="215" width="5" height="5" frameX="0" frameY="0" frameWidth="5" frameHeight="5"/><SubTexture name="PAGE38" x="54" y="212" width="5" height="4" frameX="0" frameY="0" frameWidth="5" frameHeight="4"/><SubTexture name="PAGE338" x="911" y="72" width="2" height="17" frameX="0" frameY="0" frameWidth="2" frameHeight="17"/></TextureAtlas>